{
    "score": 0.9600658574380165,
    "evaluation_cost": 137.16618132591248,
    "training_iteration": 0,
    "config": {
        "bag": 12,
        "lr": 0.32716037985277413,
        "depth": 1,
        "batch": 50
    },
    "config/bag": 12,
    "config/lr": 0.32716037985277413,
    "config/depth": 1,
    "config/batch": 50,
    "experiment_tag": "exp",
    "time_total_s": 137.1662895679474
}
