{
    "score": 0.9572895144628099,
    "evaluation_cost": 92.89403963088989,
    "training_iteration": 0,
    "config": {
        "index": 5,
        "bag": 4,
        "lr": 0.03583887124401591,
        "depth": 1,
        "batch": 276,
        "rounds": 92,
        "pwr": 0
    },
    "config/index": 5,
    "config/bag": 4,
    "config/lr": 0.03583887124401591,
    "config/depth": 1,
    "config/batch": 276,
    "config/rounds": 92,
    "config/pwr": 0,
    "experiment_tag": "exp",
    "time_total_s": 92.89421701431274
}